{
    "boot": 
    [
        {
        "type": "ardupy-grove-ui-wireless",
        "pvid": ["2886", "002D"],
        "name": "cortexM4",
        "flashParam": "-i -d --port=%s -U -i --offset=0x4000 -w -v '%s' -R"
        }, 
        {
        "type": "ardupy-seeeduino-m0",
        "pvid": ["2886", "26"],
        "name": "lotusM0"
        },
        {
        "type": "ardupy-seeeduino-m0",
        "pvid": ["2886", "27"],
        "name": "cortexM0"
        }
    ],

    "normal":
    [
        {
        "type": "ardupy-grove-ui-wireless",
        "pvid": ["239A", "8049"],
        "name": "cortexM4"
        },
        {
        "type": "ardupy-grove-ui-wireless",
        "pvid": ["2886", "802D"],
        "name": "cortexM4"
        },
        {
        "type": "ardupy-seeeduino-m0",
        "pvid": ["2886", "8026"],
        "name": "lotusM0"
        },
        {
        "type": "ardupy-seeeduino-m0",
        "pvid": ["2886", "8027"],
        "name": "cortexM0"
        },
        {
        "type": "ardupy-seeeduino-m0",
        "pvid": ["2341", "804D"],
        "name": "cortexM0"
        }
    ],

    "lib": 
    [
        {
        "name": "circuitpython-bundle.zip",
        "version": "2019-8-26",
        "path": "https://seeed-studio.github.io/ArduPy/libaray/circuitpython-bundle.zip"
        }
    ],

    "flashParam": "-i -d --port=%s -U true -i -e -w -v '%s' -R"
}
